id	site	contest	problem	title	difficulty	tags	includes	logged_at	memo_path	source_path	url	summary
atcoder/abc272/a	atcoder	abc272	a	A - Integer Sum	1			2026-07-08	log/atcoder/abc272/a/memo.md	log/atcoder/abc272/a/main.cpp	https://atcoder.jp/contests/abc272/tasks/abc272_a	$N$ 個の総和を出力します．
atcoder/abc272/b	atcoder	abc272	b	B - Everyone is Friends	1			2026-07-08	log/atcoder/abc272/b/memo.md	log/atcoder/abc272/b/main.cpp	https://atcoder.jp/contests/abc272/tasks/abc272_b	全部の $2$ 人組をチェックします．
atcoder/abc272/c	atcoder	abc272	c	C - Max Even	1			2026-07-08	log/atcoder/abc272/c/memo.md	log/atcoder/abc272/c/main.cpp	https://atcoder.jp/contests/abc272/tasks/abc272_c	偶数 $2$ 個，奇数 $2$ 個それぞれをチェックします．
atcoder/abc272/d	atcoder	abc272	d	D - Root M Leaper	3	BFS		2026-07-08	log/atcoder/abc272/d/memo.md	log/atcoder/abc272/d/main.cpp	https://atcoder.jp/contests/abc272/tasks/abc272_d	BFS で最短操作回数を求めます．
atcoder/abc272/e	atcoder	abc272	e	E - Add and Mex	3	mex,調和級数	other/mex.hpp	2026-07-08	log/atcoder/abc272/e/memo.md	log/atcoder/abc272/e/main.cpp	https://atcoder.jp/contests/abc272/tasks/abc272_e	$N$ 個の非負整数の mex は $N$ 以下です．
atcoder/abc272/f	atcoder	abc272	f	F - Two Strings	4		string/suffix_array.hpp,alg/monoid/min.hpp	2026-07-08	log/atcoder/abc272/f/memo.md	log/atcoder/abc272/f/main.cpp	https://atcoder.jp/contests/abc272/tasks/abc272_f	$SSTT$ の suffix array を作りました．
atcoder/abc272/g	atcoder	abc272	g	G - Yet Another mod M	4	乱択	random/base.hpp,nt/divisors.hpp	2026-07-08	log/atcoder/abc272/g/memo.md	log/atcoder/abc272/g/main.cpp	https://atcoder.jp/contests/abc272/tasks/abc272_g	最適解をひとつ固定したとき，乱択した $i,j$ がそれに対応する確率は $1/4$ 程度あります．
atcoder/abc272/h	atcoder	abc272	h	Ex - Flipping Coins 2	7	固有関数,rook_polynomial,newton_basis,下降べき	mod/modint.hpp,poly/multipoint.hpp,poly/convolution_all.hpp	2026-07-08	log/atcoder/abc272/h/memo.md	log/atcoder/abc272/h/main.cpp	https://atcoder.jp/contests/abc272/tasks/abc272_h	algorithm lectures で解説しました．
atcoder/abc465/a	atcoder	abc465	a	A - Supermajority	1			2026-07-04	log/atcoder/abc465/a/memo.md	log/atcoder/abc465/a/main.cpp	https://atcoder.jp/contests/abc465/tasks/abc465_a	両辺を $3$ 倍して整数比較のまま誤差なしで処理できます．
atcoder/abc465/b	atcoder	abc465	b	B - Parking 2	1			2026-07-04	log/atcoder/abc465/b/memo.md	log/atcoder/abc465/b/main.cpp	https://atcoder.jp/contests/abc465/tasks/abc465_b	長さ $24$ の配列に料金を書き込み，必要な区間を足します．
atcoder/abc465/c	atcoder	abc465	c	C - Reverse Permutation	3	deque,シミュレーション		2026-07-04	log/atcoder/abc465/c/memo.md	log/atcoder/abc465/c/main.cpp	https://atcoder.jp/contests/abc465/tasks/abc465_c	次のように言い換えると簡単です．
atcoder/abc465/d	atcoder	abc465	d	D - X to Y	2	K進法		2026-07-04	log/atcoder/abc465/d/memo.md	log/atcoder/abc465/d/main.cpp	https://atcoder.jp/contests/abc465/tasks/abc465_d	$K$ 進法表記の文字列で操作を言い換えます（ただし $0$ は敢えて空文字列扱いとします）．
atcoder/abc465/e	atcoder	abc465	e	E - Digit Circus	3	桁dp,実装	mod/modint.hpp	2026-07-04	log/atcoder/abc465/e/memo.md	log/atcoder/abc465/e/main.cpp	https://atcoder.jp/contests/abc465/tasks/abc465_e	やや面倒実装ですが，基礎的な桁dpです．
atcoder/abc465/f	atcoder	abc465	f	F - Sjeltzer?	4	多次元累積和		2026-07-04	log/atcoder/abc465/f/memo.md	log/atcoder/abc465/f/main.cpp	https://atcoder.jp/contests/abc465/tasks/abc465_f	$6$ 次元の累積和テーブルを作ればよいです．
atcoder/abc465/g	atcoder	abc465	g	G - Sum of Mex of Mod of Linear	5	差分更新,実装	ds/fastset.hpp,mod/mod_inv.hpp	2026-07-04	log/atcoder/abc465/g/memo.md	log/atcoder/abc465/g/main.cpp	https://atcoder.jp/contests/abc465/tasks/abc465_g	基本的には実装問題です．やや大変．
atcoder/abc467/a	atcoder	abc467	a	A - Obesity	1			2026-07-18	log/atcoder/abc467/a/memo.md	log/atcoder/abc467/a/main.cpp	https://atcoder.jp/contests/abc467/tasks/abc467_a	読解だけですが，単位の変換みたいな注意要素もあります．
atcoder/abc467/b	atcoder	abc467	b	B - Keep the Change	1			2026-07-18	log/atcoder/abc467/b/memo.md	log/atcoder/abc467/b/main.cpp	https://atcoder.jp/contests/abc467/tasks/abc467_b	読解だけです．結局 keep のときの b-a を足すだけです．
atcoder/abc467/d	atcoder	abc467	d	D - Concentric Circles	3	幾何,垂直二等分線	geo/perpendicular_bisector.hpp	2026-07-18	log/atcoder/abc467/d/memo.md	log/atcoder/abc467/d/main.cpp	https://atcoder.jp/contests/abc467/tasks/abc467_d	中心としてとれる点は垂直二等分線上の点全体です．
atcoder/abc467/e	atcoder	abc467	e	E - Adjacent Sums (hard)	4			2026-07-18	log/atcoder/abc467/e/memo.md	log/atcoder/abc467/e/main.cpp	https://atcoder.jp/contests/abc467/tasks/abc467_e	足す回数 $(x_i)$ （mod M で考える）について， $x_i+x_{i+1}$ がいくつという制約があります．
atcoder/abc467/f	atcoder	abc467	f	F - Email Scheduling Optimization	4	ソート順の決定,値をインデックスにする	ds/segtree/segtree.hpp	2026-07-18	log/atcoder/abc467/f/memo.md	log/atcoder/abc467/f/main.cpp	https://atcoder.jp/contests/abc467/tasks/abc467_f	$(A_1,B_1),(A_2,B_2)$ の並び順について考察すると， $B$ について降順ソートするのが最適であると分かります．
atcoder/abc467/g	atcoder	abc467	g	G - Many Sweets Problem	5	矩形クエリ,Wavelet_Matrix,Wavelet_Matrix_二分探索	ds/wavelet_matrix/wavelet_matrix_2d_range.hpp,ds/fenwicktree/fenwicktree.hpp,alg/monoid/add_pair.hpp	2026-07-18	log/atcoder/abc467/g/memo.md	log/atcoder/abc467/g/main.cpp	https://atcoder.jp/contests/abc467/tasks/abc467_g	algorithm lectures がABC作問に影響してるかは知らないですが，まあこれですね．
atcoder/arc104/a	atcoder	arc104	a	A - Plus Minus	1			2026-07-03	log/atcoder/arc104/a/memo.md	log/atcoder/arc104/a/main.cpp	https://atcoder.jp/contests/arc104/tasks/arc104_a	連立方程式を解くだけです．全探索でもよいです．
atcoder/arc104/b	atcoder	arc104	b	B - DNA Sequence	2			2026-07-03	log/atcoder/arc104/b/memo.md	log/atcoder/arc104/b/main.cpp	https://atcoder.jp/contests/arc104/tasks/arc104_b	区間は全探索でよい制約です．判定は個数だけから行えます．
atcoder/arc104/c	atcoder	arc104	c	C - Fair Elevator	4			2026-07-03	log/atcoder/arc104/c/memo.md	log/atcoder/arc104/c/main.cpp	https://atcoder.jp/contests/arc104/tasks/arc104_c	[0,n], [1,n+1],...,[n-1,2n-1] のような形を並べるということになります．
atcoder/arc104/d	atcoder	arc104	d	D - Multiset Mean	4	戻すdp	mod/dynamic_modint.hpp	2026-07-03	log/atcoder/arc104/d/memo.md	log/atcoder/arc104/d/main.cpp	https://atcoder.jp/contests/arc104/tasks/arc104_d	$x$ ずつ引いた上で，和を $0$ にする方法を数えます．
atcoder/arc104/e	atcoder	arc104	e	E - Random LIS	5	N<=6,lis数え上げ	mod/modint.hpp,seq/longest_increasing_subsequence.hpp,enumerate/multiset.hpp	2026-07-03	log/atcoder/arc104/e/memo.md	log/atcoder/arc104/e/main.cpp	https://atcoder.jp/contests/arc104/tasks/arc104_e	とにかく計算量が $\max A_i$ に依存しなければだいたい大丈夫だという問題です．
atcoder/arc104/f	atcoder	arc104	f	F - Visibility Sequence	5	Cartesian_Tree,タイブレイク,区間dp	mod/modint.hpp	2026-07-03	log/atcoder/arc104/f/memo.md	log/atcoder/arc104/f/main.cpp	https://atcoder.jp/contests/arc104/tasks/arc104_f	おおよそ，Cartesian Tree としてありうるのは何通り？ということです．
atcoder/arc224/a	atcoder	arc224	a	A - Attach 00	2			2026-07-12	log/atcoder/arc224/a/memo.md	log/atcoder/arc224/a/main.cpp	https://atcoder.jp/contests/arc224/tasks/arc224_a	$100K$ が条件を満たします．小さい順に $100$ 個以下を調べればよいです．
atcoder/arc224/b	atcoder	arc224	b	B - Adjacent Tiles	3	bounding_box		2026-07-12	log/atcoder/arc224/b/memo.md	log/atcoder/arc224/b/main.cpp	https://atcoder.jp/contests/arc224/tasks/arc224_b	証明まで含めるとちょっと難しそう．
atcoder/arc224/c	atcoder	arc224	c	C - Ascending Labels	2	DFS木	graph/base.hpp	2026-07-12	log/atcoder/arc224/c/memo.md	log/atcoder/arc224/c/main.cpp	https://atcoder.jp/contests/arc224/tasks/arc224_c	DFS 木が条件を満たします．木辺または後退辺（この場合多重辺がないので $2$ 個以上祖先に進んだところへ行く）しかないからです．
atcoder/arc224/d	atcoder	arc224	d	D - Angst for All Pairs	3			2026-07-12	log/atcoder/arc224/d/memo.md	log/atcoder/arc224/d/main.cpp	https://atcoder.jp/contests/arc224/tasks/arc224_d	カードから数を見るんじゃなくて，各 $x\in [1,K]$ に対して $x$ を書くカード集合を考えます．
atcoder/arc224/e	atcoder	arc224	e	E - ABC|AB|A	3			2026-07-12	log/atcoder/arc224/e/memo.md	log/atcoder/arc224/e/main.cpp	https://atcoder.jp/contests/arc224/tasks/arc224_e	ABC があれば消す，それがないときに AB があれば消す，という種の貪欲でよいです．
atcoder/arc224/f	atcoder	arc224	f	F - AND/OR	5	二項係数累積和	mod/modint.hpp,mod/prefix_sum_of_binom.hpp	2026-07-12	log/atcoder/arc224/f/memo.md	log/atcoder/arc224/f/main.cpp	https://atcoder.jp/contests/arc224/tasks/arc224_f	最大値は二分探索で求めることにすれば，結局次を解けばよいことになります．
atcoder/awc0100/a	atcoder	awc0100	a	A - アルバイトの給料計算	1			2026-06-28	log/atcoder/awc0100/a/memo.md	log/atcoder/awc0100/a/main.cpp	https://atcoder.jp/contests/awc0100/tasks/awc0100_a	$\sum A_iT_i$ を出力します．
atcoder/awc0100/b	atcoder	awc0100	b	B - 料理コンテスト	1			2026-06-28	log/atcoder/awc0100/b/memo.md	log/atcoder/awc0100/b/main.cpp	https://atcoder.jp/contests/awc0100/tasks/awc0100_b	$1$ 人ずつ見ながら，その時点での最大値とその人の番号を保持するようにします．
atcoder/awc0100/c	atcoder	awc0100	c	C - 権限管理システム	2			2026-06-28	log/atcoder/awc0100/c/memo.md	log/atcoder/awc0100/c/main.cpp	https://atcoder.jp/contests/awc0100/tasks/awc0100_c	$M_j$ 個のビット列の bitwise OR をとる問題です．
atcoder/awc0100/d	atcoder	awc0100	d	D - チームの分割	2	累積和		2026-06-28	log/atcoder/awc0100/d/memo.md	log/atcoder/awc0100/d/main.cpp	https://atcoder.jp/contests/awc0100/tasks/awc0100_d	累積和テーブルを作っておくことで， $k$ に対する $S_1, S_2$ の計算を $O(1)$ 時間で行います．
atcoder/awc0100/e	atcoder	awc0100	e	E - 山の見晴らし	2			2026-06-28	log/atcoder/awc0100/e/memo.md	log/atcoder/awc0100/e/main.cpp	https://atcoder.jp/contests/awc0100/tasks/awc0100_e	各 $x$ に対して， $x$ 以上のものの個数がとれるようにしておきます．
atcoder/awc0100/f	atcoder	awc0100	f	F - 連続区間の売上目標	2	尺取り		2026-06-28	log/atcoder/awc0100/f/memo.md	log/atcoder/awc0100/f/main.cpp	https://atcoder.jp/contests/awc0100/tasks/awc0100_f	$L$ ごとに $R$ の個数を数えるようにします．単調性があるので， $L$ ごとに最小の $R$ が求まればよいです．尺取りや二分探索など．
atcoder/awc0100/g	atcoder	awc0100	g	G - 友達の輪	2	連結成分,UnionFind	ds/unionfind/unionfind.hpp	2026-06-28	log/atcoder/awc0100/g/memo.md	log/atcoder/awc0100/g/main.cpp	https://atcoder.jp/contests/awc0100/tasks/awc0100_g	生徒を頂点と見なして，クエリで来た頂点の連結成分サイズを出力します．
atcoder/awc0100/h	atcoder	awc0100	h	H - 都市の巡回調査	2	シミュレーション		2026-06-28	log/atcoder/awc0100/h/memo.md	log/atcoder/awc0100/h/main.cpp	https://atcoder.jp/contests/awc0100/tasks/awc0100_h	問題文の通りにシミュレーションします．
atcoder/awc0100/i	atcoder	awc0100	i	I - 円陣パスゲーム	3	Fenwick_Tree,セグメント木	ds/fenwicktree/fenwicktree_01.hpp	2026-06-28	log/atcoder/awc0100/i/memo.md	log/atcoder/awc0100/i/main.cpp	https://atcoder.jp/contests/awc0100/tasks/awc0100_i	生き残っている人だけを並べた配列を考えます．
atcoder/awc0100/j	atcoder	awc0100	j	J - 道路ネットワークの整備	4	HLD,パスクエリ	graph/ds/lazy_tree_monoid.hpp,alg/acted_monoid/min_add.hpp	2026-06-28	log/atcoder/awc0100/j/memo.md	log/atcoder/awc0100/j/main.cpp	https://atcoder.jp/contests/awc0100/tasks/awc0100_j	パス上の辺に， $1$ 加算するというのと min query というのの $2$ 種のクエリが来ます．例えば HLD でパスクエリを処理すればよいです．
atcoder/awc0100/k	atcoder	awc0100	k	K - 商店街の区画選び	4	平方分割,KD_tree	ds/kdtree/kdtree_acted_monoid.hpp,alg/acted_monoid/min_add.hpp	2026-06-28	log/atcoder/awc0100/k/memo.md	log/atcoder/awc0100/k/main.cpp	https://atcoder.jp/contests/awc0100/tasks/awc0100_k	まず，タイプ $2$ のクエリは，choice i： $[i,i+K)$ として， $1\leq i \leq N-K+1$ を選ぶ問題だとします．
atcoder/awc0100/l	atcoder	awc0100	l	L - スケジュール調整	4	two_sat,reachability,transitive_closure	graph/twosat.hpp,ds/my_bitset.hpp	2026-06-28	log/atcoder/awc0100/l/memo.md	log/atcoder/awc0100/l/main.cpp	https://atcoder.jp/contests/awc0100/tasks/awc0100_l	言い換えると「two sat の解で辞書順最小のものを求めてください」となります．
atcoder/awc0100/m	atcoder	awc0100	m	M - 秘密の数列と分岐するノート	5	Rollback_UnionFind,ポテンシャル付きUnionFind	alg/monoid/add.hpp,ds/unionfind/rollback_potentialized_unionfind.hpp,mod/dynamic_modint.hpp	2026-06-28	log/atcoder/awc0100/m/memo.md	log/atcoder/awc0100/m/main.cpp	https://atcoder.jp/contests/awc0100/tasks/awc0100_m	「版は木状に分岐していきます」の指す通りの木を作り，木を dfs traversal しながら各版での答を求めていきます．
atcoder/awc0100/n	atcoder	awc0100	n	N - 株価の補正	4	Slope_Trick	convex/slope_trick/slope_trick_0.hpp	2026-06-28	log/atcoder/awc0100/n/memo.md	log/atcoder/awc0100/n/main.cpp	https://atcoder.jp/contests/awc0100/tasks/awc0100_n	ほぼ有名既出そのままです．次が詳しいです．
atcoder/awc0100/o	atcoder	awc0100	o	O - 円環石板の結合	6	monge,Knuth_Yao_SpeedUp		2026-06-28	log/atcoder/awc0100/o/memo.md	log/atcoder/awc0100/o/main.cpp	https://atcoder.jp/contests/awc0100/tasks/awc0100_o	これもほぼ有名既出そのままです．次の問題では問題ページに解説があります．
atcoder/awtf2026algo/a	atcoder	awtf2026algo	a	A - Min Cut of Graph of Min Weight	6	最小カット,マージ過程の木	random/shuffle.hpp,mod/modint.hpp,ds/unionfind/unionfind.hpp,graph/base.hpp	2026-07-10	log/atcoder/awtf2026algo/a/memo.md	log/atcoder/awtf2026algo/a/main.cpp	https://atcoder.jp/contests/awtf2026algo/tasks/awtf2026algo_a	重み昇順に辺を順につないでいくことを考えると，容量は $2$ 点が同じ連結成分になる瞬間に使われた辺重みになります．
atcoder/awtf2026algo/b	atcoder	awtf2026algo	b	B - Window Records	7	判定問題解法でdp	enumerate/product.hpp,mod/modint.hpp	2026-07-10	log/atcoder/awtf2026algo/b/memo.md	log/atcoder/awtf2026algo/b/main.cpp	https://atcoder.jp/contests/awtf2026algo/tasks/awtf2026algo_b	まずは $p$ から $x$ を計算する方法を確認します．
atcoder/awtf2026algo/c	atcoder	awtf2026algo	c	C - Count by Descents	9	Eulerian_Polynomial,descent	mod/modint.hpp,poly/2d/convolution2d.hpp	2026-07-10	log/atcoder/awtf2026algo/c/memo.md	log/atcoder/awtf2026algo/c/main.cpp	https://atcoder.jp/contests/awtf2026algo/tasks/awtf2026algo_c	permutation を descent の個数ごとに数えるというのは有名問題で，結論は Eulerian Polynomial です．まずはこれを筋良く求める方法をきちんと理解しましょう．
atcoder/awtf2026algo/d	atcoder	awtf2026algo	d	D - Adj Swap Lex Max	9	隣接スワップ	ds/segtree/segtree.hpp,alg/monoid/min.hpp,alg/monoid/max.hpp	2026-07-11	log/atcoder/awtf2026algo/d/memo.md	log/atcoder/awtf2026algo/d/main.cpp	https://atcoder.jp/contests/awtf2026algo/tasks/awtf2026algo_d	まず，ぴったり $P\to Q$ が可能かという判定問題を考えます．余計な lcp を削って $P[0]< Q[0]$ であるとします．
atcoder/awtf2026algo/e	atcoder	awtf2026algo	e	E - Even Rows	10	+-1列の累積和,マッチング	mod/modint.hpp,ds/segtree/segtree.hpp,seq/cartesian_tree.hpp	2026-07-11	log/atcoder/awtf2026algo/e/memo.md	log/atcoder/awtf2026algo/e/main.cpp	https://atcoder.jp/contests/awtf2026algo/tasks/awtf2026algo_e	あまりに大変．
atcoder/fps-24/fps_24_a	atcoder	fps-24	fps_24_a	A - お菓子	3	疎なFPS	mod/modint.hpp,poly/fps_pow.hpp	2026-07-02	log/atcoder/fps-24/fps_24_a/memo.md	log/atcoder/fps-24/fps_24_a/main.cpp	https://atcoder.jp/contests/fps-24/tasks/fps_24_a	$[x^N](x+x^3+x^4+x^6)^D$ と立式できます．
atcoder/fps-24/fps_24_b	atcoder	fps-24	fps_24_b	B - 整数の組	3	C-recursive	poly/coef_of_rational_fps.hpp,mod/modint.hpp	2026-07-02	log/atcoder/fps-24/fps_24_b/memo.md	log/atcoder/fps-24/fps_24_b/main.cpp	https://atcoder.jp/contests/fps-24/tasks/fps_24_b	$[x^N](1+x)\cdot (1+x^2)\cdot \frac{1}{1-x^2}\cdot \frac{1}{1-x^3}$ と立式できます．
atcoder/fps-24/fps_24_c	atcoder	fps-24	fps_24_c	C - 数列	3		poly/fps_pow.hpp,mod/modint.hpp	2026-07-02	log/atcoder/fps-24/fps_24_c/memo.md	log/atcoder/fps-24/fps_24_c/main.cpp	https://atcoder.jp/contests/fps-24/tasks/fps_24_c	$[x^S](1+x+\cdots+x^{M})^N$ と立式できます．
atcoder/fps-24/fps_24_d	atcoder	fps-24	fps_24_d	D - 数列 2	4		mod/modint.hpp,poly/fps_pow.hpp	2026-07-02	log/atcoder/fps-24/fps_24_d/memo.md	log/atcoder/fps-24/fps_24_d/main.cpp	https://atcoder.jp/contests/fps-24/tasks/fps_24_d	$0\to a_1\to a_2\to \cdots \to a_N\to M$ という移動を考えると，
atcoder/fps-24/fps_24_e	atcoder	fps-24	fps_24_e	E - 数列 3	4	EGF	poly/convolution_all.hpp	2026-07-02	log/atcoder/fps-24/fps_24_e/memo.md	log/atcoder/fps-24/fps_24_e/main.cpp	https://atcoder.jp/contests/fps-24/tasks/fps_24_e	出現回数を $c_1,c_2,\ldots$ とすると，適切な範囲で $\frac{N!}{c_1!\cdots c_M!}$ を足し合わせる問題になります．適切な範囲とは， $\sum c_i=M$ かつ $0\leq c_i\leq …
atcoder/fps-24/fps_24_f	atcoder	fps-24	fps_24_f	F - 色紙	4	C-recursive,BMBM	seq/interpolate_linear_rec.hpp	2026-07-02	log/atcoder/fps-24/fps_24_f/memo.md	log/atcoder/fps-24/fps_24_f/main.cpp	https://atcoder.jp/contests/fps-24/tasks/fps_24_f	$4$ 状態の行列累乗という解法があり，それで AC 可能です．
atcoder/fps-24/fps_24_g	atcoder	fps-24	fps_24_g	G - 硬貨	4	戻すdp	mod/modint.hpp	2026-07-02	log/atcoder/fps-24/fps_24_g/memo.md	log/atcoder/fps-24/fps_24_g/main.cpp	https://atcoder.jp/contests/fps-24/tasks/fps_24_g	ちょうど $n$ 円を払う方法の数え上げ $\dp[n]$ という dp テーブル（ $0\leq n\leq N$）を考えてある硬貨の追加・削除を行えればよいです．
atcoder/fps-24/fps_24_h	atcoder	fps-24	fps_24_h	H - ジャンプ	5	包除原理,EGF	poly/convolution.hpp	2026-07-02	log/atcoder/fps-24/fps_24_h/memo.md	log/atcoder/fps-24/fps_24_h/main.cpp	https://atcoder.jp/contests/fps-24/tasks/fps_24_h	与えられた移動ルールの母関数を $F(x,y)$ とします． $(0,0)$ も認めたものを $G(x,y)$ とします．
atcoder/fps-24/fps_24_i	atcoder	fps-24	fps_24_i	I - スコア	4	多項式総積	poly/convolution_all.hpp	2026-07-02	log/atcoder/fps-24/fps_24_i/memo.md	log/atcoder/fps-24/fps_24_i/main.cpp	https://atcoder.jp/contests/fps-24/tasks/fps_24_i	$[x^K]\prod_i(1+A_ix)$ です．このような総積は，分割統治などを利用して次数のバランスを保った計算手順をとることで， $O(N\log^2 N)$ 時間で計算できます．
atcoder/fps-24/fps_24_j	atcoder	fps-24	fps_24_j	J - スゴロク	5	分割統治dp	poly/convolution.hpp,mod/modint.hpp	2026-07-02	log/atcoder/fps-24/fps_24_j/memo.md	log/atcoder/fps-24/fps_24_j/main.cpp	https://atcoder.jp/contests/fps-24/tasks/fps_24_j	$i$ に到達する確率 $\dp[i]$ という dp テーブルを求めることを目標にします．
atcoder/fps-24/fps_24_k	atcoder	fps-24	fps_24_k	K - 順列	4	indecomposable_permutations	mod/modint.hpp,seq/famous/indecomposable_permutations.hpp	2026-07-02	log/atcoder/fps-24/fps_24_k/memo.md	log/atcoder/fps-24/fps_24_k/main.cpp	https://atcoder.jp/contests/fps-24/tasks/fps_24_k	数え上げの関係式を得る上で，「任意のもの」を「既約なもの」に分解する様子を考えるという手法があります（後述の，連結グラフ数え上げなどもそう）．
atcoder/fps-24/fps_24_l	atcoder	fps-24	fps_24_l	L - 順列 2	4	サイクル分解,グラフ数え上げ,FPS_exp	poly/fps_exp.hpp,mod/modint.hpp	2026-07-02	log/atcoder/fps-24/fps_24_l/memo.md	log/atcoder/fps-24/fps_24_l/main.cpp	https://atcoder.jp/contests/fps-24/tasks/fps_24_l	順列を functional graph としてみて考えると次のようになります．
atcoder/fps-24/fps_24_m	atcoder	fps-24	fps_24_m	M - 連結グラフ	4	グラフ数え上げ,FPS_exp	mod/modint.hpp,graph/count/count_labeled_connected.hpp	2026-07-02	log/atcoder/fps-24/fps_24_m/memo.md	log/atcoder/fps-24/fps_24_m/main.cpp	https://atcoder.jp/contests/fps-24/tasks/fps_24_m	$A(x)$ を連結グラフの EGF， $B(x)$ を任意のグラフの EGF とします（数え上げを $a_n,b_n$ としたときの $\sum \frac{a_n}{n!}x^n$, $\sum \frac{b_n}{n!}x^n$）．
atcoder/fps-24/fps_24_n	atcoder	fps-24	fps_24_n	N - 硬貨 2	4	FPS_log	poly/fps_exp.hpp	2026-07-02	log/atcoder/fps-24/fps_24_n/memo.md	log/atcoder/fps-24/fps_24_n/main.cpp	https://atcoder.jp/contests/fps-24/tasks/fps_24_n	答は次のように立式出来ます：
atcoder/fps-24/fps_24_o	atcoder	fps-24	fps_24_o	O - 根付き木	5	グラフ数え上げ,ラグランジュ反転	mod/modint.hpp,nt/primetable.hpp,poly/compositional_inverse.hpp	2026-07-02	log/atcoder/fps-24/fps_24_o/memo.md	log/atcoder/fps-24/fps_24_o/main.cpp	https://atcoder.jp/contests/fps-24/tasks/fps_24_o	根が $1$ であるという条件を**無視して**数えて，最後に $N$ で割ることにします．
atcoder/fps-24/fps_24_p	atcoder	fps-24	fps_24_p	P - ボール	4	EGF,多点評価	poly/multipoint.hpp	2026-07-02	log/atcoder/fps-24/fps_24_p/memo.md	log/atcoder/fps-24/fps_24_p/main.cpp	https://atcoder.jp/contests/fps-24/tasks/fps_24_p	答は次のように立式出来ます．
atcoder/fps-24/fps_24_q	atcoder	fps-24	fps_24_q	Q - サイコロ	5	k乗和列挙	poly/convolution.hpp,mod/modint.hpp,poly/fps_div.hpp	2026-07-02	log/atcoder/fps-24/fps_24_q/memo.md	log/atcoder/fps-24/fps_24_q/main.cpp	https://atcoder.jp/contests/fps-24/tasks/fps_24_q	計算すべきは次の値です．
atcoder/fps-24/fps_24_r	atcoder	fps-24	fps_24_r	R - ランダムウォーク	5	パス上のwalk,walkの母関数,巡回畳み込み	mod/modint.hpp,poly/ntt.hpp	2026-07-02	log/atcoder/fps-24/fps_24_r/memo.md	log/atcoder/fps-24/fps_24_r/main.cpp	https://atcoder.jp/contests/fps-24/tasks/fps_24_r	$n=2^N$ とします．
atcoder/fps-24/fps_24_s	atcoder	fps-24	fps_24_s	S - ゲーム	6	Unvisited_Vertex_Geography,最大マッチング,オンライン畳み込み	poly/online/online_exp.hpp,enumerate/labeled_tree.hpp	2026-07-02	log/atcoder/fps-24/fps_24_s/memo.md	log/atcoder/fps-24/fps_24_s/main.cpp	https://atcoder.jp/contests/fps-24/tasks/fps_24_s	問題 O のように EGF を作りますが，勝者に応じて $F_0(x), F_1(x)$ のように $2$ 種を用意します．
atcoder/fps-24/fps_24_t	atcoder	fps-24	fps_24_t	T - カラフル	6	包除原理	mod/modint.hpp,poly/sum_of_rationals.hpp,poly/coef_of_rational_fps.hpp	2026-07-02	log/atcoder/fps-24/fps_24_t/memo.md	log/atcoder/fps-24/fps_24_t/main.cpp	https://atcoder.jp/contests/fps-24/tasks/fps_24_t	条件を満たす列は，次を順に並べることで得られます．
atcoder/fps-24/fps_24_u	atcoder	fps-24	fps_24_u	U - 録画機	7	多項式行列積	mod/modint.hpp,poly/convolution.hpp	2026-07-02	log/atcoder/fps-24/fps_24_u/memo.md	log/atcoder/fps-24/fps_24_u/main.cpp	https://atcoder.jp/contests/fps-24/tasks/fps_24_u	まず判定については，どの瞬間においても $2$ 台以下ということになります．
atcoder/fps-24/fps_24_v	atcoder	fps-24	fps_24_v	V - 12 方向	7	2変数FPS	poly/convolution.hpp	2026-07-02	log/atcoder/fps-24/fps_24_v/memo.md	log/atcoder/fps-24/fps_24_v/main.cpp	https://atcoder.jp/contests/fps-24/tasks/fps_24_v	まず，次の $2$ 種に分離して考えられます．
atcoder/fps-24/fps_24_w	atcoder	fps-24	fps_24_w	W - 閉路	6	部分グラフ数え上げ,SPS,二重連結グラフ数え上げ,SPS_exp	mod/modint.hpp,graph/count/count_connected_subgraph.hpp,graph/count/count_tree_subgraph.hpp,graph/count/count_biconnected_subgraph.hpp	2026-07-02	log/atcoder/fps-24/fps_24_w/memo.md	log/atcoder/fps-24/fps_24_w/main.cpp	https://atcoder.jp/contests/fps-24/tasks/fps_24_w	これは FPS というよりも SPS （集合べき級数）が登場です．
atcoder/fps-24/fps_24_x	atcoder	fps-24	fps_24_x	X - 関数的平方根	8	FPS合成,合成べき	poly/composition.hpp	2026-07-03	log/atcoder/fps-24/fps_24_x/memo.md	log/atcoder/fps-24/fps_24_x/main.cpp	https://atcoder.jp/contests/fps-24/tasks/fps_24_x	hos さんの提出からびっくり解法．
codeforces/398/a	codeforces	398	a	A. Cards	3			2026-07-08	log/codeforces/398/a/memo.md	log/codeforces/398/a/main.cpp	https://codeforces.com/contest/398/problem/A	連長圧縮したときの o, x の個数を固定すると最適解が計算できます．
codeforces/398/b	codeforces	398	b	B. Painting The Wall	3			2026-07-08	log/codeforces/398/b/memo.md	log/codeforces/398/b/main.cpp	https://codeforces.com/contest/398/problem/B	ある時点での状態は，少なくともひとつのマスが塗られた行の個数・列の個数によって表されます．すると
codeforces/398/c	codeforces	398	c	C. Tree and Array	7	帰納的構築	enumerate/labeled_tree.hpp,enumerate/product.hpp,graph/shortest_path/warshall_floyd.hpp,random/random_graph.hpp,graph/tree.hpp	2026-07-08	log/codeforces/398/c/memo.md	log/codeforces/398/c/main.cpp	https://codeforces.com/contest/398/problem/C	$2n$ 頂点増やすと good pair が $n$ 組増える．という構造があればよいです．
codeforces/398/d	codeforces	398	d	D. Instant Messanger	5	次数による向きづけ,次数平方分割	ds/hashmap.hpp	2026-07-08	log/codeforces/398/d/memo.md	log/codeforces/398/d/main.cpp	https://codeforces.com/contest/398/problem/D	辺は頂点次数の小さい方から大きい方に向き付ければ，各頂点の出次数は小さいです．入ってくる辺による答は保持しておき，出ていく辺による答はクエリが来たときにとってくるようにします．
codeforces/398/e	codeforces	398	e	E. Sorting Permutations	7	マッチングによるスワップ,交互パス	mod/modint.hpp,enumerate/set_partitioin.hpp,graph/base.hpp,graph/path_cycle.hpp,mod/modfast.hpp	2026-07-08	log/codeforces/398/e/memo.md	log/codeforces/398/e/main.cpp	https://codeforces.com/contest/398/problem/E	問題文 2 文目で与えられる $k$ と，問題文後半および Input で与えられる $k$ は無関係！！！！
codeforces/600/a	codeforces	600	a	A. Extract Numbers	2			2026-07-18	log/codeforces/600/a/memo.md	log/codeforces/600/a/main.cpp	https://codeforces.com/contest/600/problem/A	区切り文字で分離したあと非負整数であるかどうかを判定します．
codeforces/600/b	codeforces	600	b	B. Queries about less or equal elements	1	二分探索		2026-07-18	log/codeforces/600/b/memo.md	log/codeforces/600/b/main.cpp	https://codeforces.com/contest/600/problem/B	ソートして二分探索します．
codeforces/600/c	codeforces	600	c	C. Make Palindrome	2	回文		2026-07-18	log/codeforces/600/c/memo.md	log/codeforces/600/c/main.cpp	https://codeforces.com/contest/600/problem/C	出現回数が奇数のものが 2 種類以上あるとき，そのうち最大のものを最小のものに書き換えます．辞書順最小化並べ替えは手前から貪欲に．
codeforces/600/d	codeforces	600	d	D. Area of Two Circles' Intersection	2	幾何,円の共通部分		2026-07-18	log/codeforces/600/d/memo.md	log/codeforces/600/d/main.cpp	https://codeforces.com/contest/600/problem/D	2 円の up to 合同での位置関係は，半径と中心間の距離だけから決まります．共通部分の面積は，扇型の面積を足したあと三角形を引く感じで
codeforces/600/e	codeforces	600	e	E. Lomsat gelral	3	マージテク,dsu_on_tree	graph/tree.hpp	2026-07-18	log/codeforces/600/e/memo.md	log/codeforces/600/e/main.cpp	https://codeforces.com/contest/600/problem/E	マージテクを使う木dp．
codeforces/600/f	codeforces	600	f	F. Edge coloring of bipartite graph	5	辺彩色	graph/bipartite_edge_coloring.hpp	2026-07-18	log/codeforces/600/f/memo.md	log/codeforces/600/f/main.cpp	https://codeforces.com/contest/600/problem/F	そのまま二部グラフ辺彩色の verify 問題です．
codeforces/1423/a	codeforces	1423	a	A. Wakanda Forever	6	stable_roommates,安定マッチング	graph/stable_roommate.hpp	2026-07-14	log/codeforces/1423/a/memo.md	log/codeforces/1423/a/main.cpp	https://codeforces.com/contest/1423/problem/A	安定二部マッチングの一般グラフ版のようなものが求められています．
codeforces/1423/b	codeforces	1423	b	B. Valuable Paper	3	二部マッチング	flow/bipartite.hpp	2026-07-14	log/codeforces/1423/b/memo.md	log/codeforces/1423/b/main.cpp	https://codeforces.com/contest/1423/problem/B	weight の軽い辺たちで完全マッチングを作れるかという二分探索をすればよいです．
codeforces/1423/c	codeforces	1423	c	C. Dušan's Railway	7	SQRT_tree	graph/base.hpp	2026-07-14	log/codeforces/1423/c/memo.md	log/codeforces/1423/c/main.cpp	https://codeforces.com/contest/1423/problem/C	$k=3$ で解く必要があります．
codeforces/1423/d	codeforces	1423	d	D. Does anyone else hate the wind?	4			2026-07-14	log/codeforces/1423/d/memo.md	log/codeforces/1423/d/main.cpp	https://codeforces.com/contest/1423/problem/D	単純な dp です．dp[day][row][col] を，可能な HP の max と定めるという要領です．
codeforces/1423/e	codeforces	1423	e	E. 5G Antenna Towers	4	幾何,交差判定	geo/base.hpp,random/base.hpp,geo/distance.hpp	2026-07-14	log/codeforces/1423/e/memo.md	log/codeforces/1423/e/main.cpp	https://codeforces.com/contest/1423/problem/E	円と多角形の交差判定をせよというのが問題の主要部です．
codeforces/1423/f	codeforces	1423	f	F. Coins	4	chip_firing_game,不変量		2026-07-14	log/codeforces/1423/f/memo.md	log/codeforces/1423/f/main.cpp	https://codeforces.com/contest/1423/problem/F	合計枚数が $N$ 枚のときだけ微妙です．
codeforces/1423/g	codeforces	1423	g	G. Growing flowers	7	区間種類数,実装	ds/segtree/segtree.hpp,ds/fastset.hpp,alg/monoid/add.hpp,ds/segtree/dual_segtree.hpp	2026-07-14	log/codeforces/1423/g/memo.md	log/codeforces/1423/g/main.cpp	https://codeforces.com/contest/1423/problem/G	区間種類数なので，まず
codeforces/1423/h	codeforces	1423	h	H. Virus	4	offline_dynamic_connectivity	ds/unionfind/rollback_unionfind.hpp,ds/rollback_array.hpp,ds/offline_query/add_remove_query.hpp	2026-07-14	log/codeforces/1423/h/memo.md	log/codeforces/1423/h/main.cpp	https://codeforces.com/contest/1423/problem/H	読解難ではある．
codeforces/1423/i	codeforces	1423	i	I. Lookup Tables	5		alg/monoid/or.hpp,ds/segtree/dual_segtree.hpp,ds/segtree/segtree.hpp	2026-07-14	log/codeforces/1423/i/memo.md	log/codeforces/1423/i/main.cpp	https://codeforces.com/contest/1423/problem/I	計算量を問わなければ，
codeforces/1423/j	codeforces	1423	j	J. Bubble Cup hypothesis	3	下から桁dp	mod/modint.hpp	2026-07-14	log/codeforces/1423/j/memo.md	log/codeforces/1423/j/main.cpp	https://codeforces.com/contest/1423/problem/J	$1$ の位（定数項）から決める桁dpでよいです．
codeforces/1423/k	codeforces	1423	k	K. Lonely Numbers	3		nt/primetable.hpp	2026-07-14	log/codeforces/1423/k/memo.md	log/codeforces/1423/k/main.cpp	https://codeforces.com/contest/1423/problem/K	合成数は lonely ではありません．実際 $a=px$ かつ $2\leq p, x$ であるとき， $b=p(x-1)$ とすれば三角形が成立します．
codeforces/1423/l	codeforces	1423	l	L. Light switches	3	半分全列挙	ds/hashmap.hpp,random/base.hpp	2026-07-14	log/codeforces/1423/l/memo.md	log/codeforces/1423/l/main.cpp	https://codeforces.com/contest/1423/problem/L	半分全列挙します．パートナーはハッシュなどで検索します．
codeforces/1423/m	codeforces	1423	m	M. Milutin's Plums	5	totally_monotone,smawk	other/io2.hpp,random/hash_pair.hpp,ds/hashmap.hpp,convex/smawk.hpp	2026-07-14	log/codeforces/1423/m/memo.md	log/codeforces/1423/m/main.cpp	https://codeforces.com/contest/1423/problem/M	そのまま，totally monotone matrix における行ごとの argmin を求める問題です．
codeforces/1423/n	codeforces	1423	n	N. BubbleSquare Tokens	7	構築,帰納的構成	graph/base.hpp	2026-07-14	log/codeforces/1423/n/memo.md	log/codeforces/1423/n/main.cpp	https://codeforces.com/contest/1423/problem/N	難しめの構築．
codeforces/2061/a	codeforces	2061	a	A. Kevin and Arithmetic	1			2026-07-19	log/codeforces/2061/a/memo.md	log/codeforces/2061/a/main.cpp	https://codeforces.com/contest/2061/problem/A	奇数の個数を数えます．
codeforces/2061/b	codeforces	2061	b	B. Kevin and Geometry	3			2026-07-19	log/codeforces/2061/b/memo.md	log/codeforces/2061/b/main.cpp	https://codeforces.com/contest/2061/problem/B	斜辺部分？としては，上下で使わなかった数のうちなるべく大きいものとしてよいです．
codeforces/2061/c	codeforces	2061	c	C. Kevin and Puzzle	3		mod/modint.hpp	2026-07-19	log/codeforces/2061/c/memo.md	log/codeforces/2061/c/main.cpp	https://codeforces.com/contest/2061/problem/C	末尾 $2$ 人の主張の真偽を key として dp できます．
codeforces/2061/d	codeforces	2061	d	D. Kevin and Numbers	2			2026-07-19	log/codeforces/2061/d/memo.md	log/codeforces/2061/d/main.cpp	https://codeforces.com/contest/2061/problem/D	逆操作で $b$ を分解して $a$ に持っていくように考えればよいです，
codeforces/2061/e	codeforces	2061	e	E. Kevin and And	4	min_plus_convolution,凸性の証明		2026-07-19	log/codeforces/2061/e/memo.md	log/codeforces/2061/e/main.cpp	https://codeforces.com/contest/2061/problem/E	各 $i$ に対して，操作回数ごとの最適解を求めておきます．これは $O(2^M)$ 時間かけて求めます．
codeforces/2061/f2	codeforces	2061	f2	F2. Kevin and Binary String (Hard Version)	6		string/run_length.hpp,alg/monoid/min.hpp,ds/segtree/segtree.hpp,ds/segtree/dual_segtree.hpp	2026-07-19	log/codeforces/2061/f2/memo.md	log/codeforces/2061/f2/main.cpp	https://codeforces.com/contest/2061/problem/F2	熱心に実装．
codeforces/2061/g	codeforces	2061	g	G. Kevin and Teams	5	インタラクティブ,帰納的構成	other/io2.hpp,random/base.hpp	2026-07-19	log/codeforces/2061/g/memo.md	log/codeforces/2061/g/main.cpp	https://codeforces.com/contest/2061/problem/G	$G$ またはその補グラフに，大きさ $N/3$ 程度のマッチングを見つける問題です．
codeforces/2061/h2	codeforces	2061	h2	H2. Kevin and Stones (Hard Version)	9	マッチング,木上の輸送	graph/base.hpp,flow/bipartite.hpp,ds/unionfind/unionfind.hpp,graph/path_cycle.hpp,graph/tree.hpp	2026-07-19	log/codeforces/2061/h2/memo.md	log/codeforces/2061/h2/main.cpp	https://codeforces.com/contest/2061/problem/H2	すごい．ほぼすべて解説を見ました．
codeforces/2061/i	codeforces	2061	i	I. Kevin and Nivek	8	2次元dpの分割統治高速化	convex/minplus_convolution.hpp	2026-07-19	log/codeforces/2061/i/memo.md	log/codeforces/2061/i/main.cpp	https://codeforces.com/contest/2061/problem/I	$i$ round 追えた時点での勝数を $j$ として，dp[i][j] という dp テーブルは考えられると思います．
codeforces/2225/a	codeforces	2225	a	A. A Number Between Two Others	2	整数論計算量		2026-07-01	log/codeforces/2225/a/memo.md	log/codeforces/2225/a/main.cpp	https://codeforces.com/contest/2225/problem/A	$x$ の倍数にしか興味がないので全体を $x$ で割って考えると， $y$ の約数ではない何かを探すという問題になります．
codeforces/2225/b	codeforces	2225	b	B. Alternating String	3			2026-07-01	log/codeforces/2225/b/memo.md	log/codeforces/2225/b/main.cpp	https://codeforces.com/contest/2225/problem/B	この問題文の書き方で "you are allowed to do it, but you don't have to do it" がカッコ書きで補足されているのが気づきにくすぎる．
codeforces/2225/c	codeforces	2225	c	C. Red-Black Pairs	2	dp		2026-07-01	log/codeforces/2225/c/memo.md	log/codeforces/2225/c/main.cpp	https://codeforces.com/contest/2225/problem/C	「縦置き」または「横置き 2 つ」を並べることになります．あとは基礎的な dp です．
codeforces/2225/d	codeforces	2225	d	D. Exceptional Segments	4	区間XORが0	mod/modint.hpp	2026-07-01	log/codeforces/2225/d/memo.md	log/codeforces/2225/d/main.cpp	https://codeforces.com/contest/2225/problem/D	$l,r$ の偶奇を考えます． $2^1$ の位以上の部分がどうなるかを考えると，だいたいのものが $2$ 個ずつ出てきて打ち消しあいます．その上で全体で $0$ になって欲しいと考えると，次のようなパターンだけだと分かります．
codeforces/2225/e	codeforces	2225	e	E. Covering Points with Circles	4	乱択アルゴリズム,最密充填,幾何構築	geo/base.hpp,random/base.hpp	2026-07-01	log/codeforces/2225/e/memo.md	log/codeforces/2225/e/main.cpp	https://codeforces.com/contest/2225/problem/E	最密充填的な並べ方をします． $H$ を $\sqrt{3}R$ 程度にとり， $(iR,jH)$ であって $i+j\equiv 0\pmod{2}$ というようにします．
codeforces/2225/f	codeforces	2225	f	F. String Cutting	4	文字列,文字列比較	string/suffix_array.hpp	2026-07-02	log/codeforces/2225/f/memo.md	log/codeforces/2225/f/main.cpp	https://codeforces.com/contest/2225/problem/F	実は，ちょうど $K$ 個に分けるパターンしか見ないでよいです．
codeforces/2225/g	codeforces	2225	g	G. Simple Problem	6	整数論,構築		2026-07-02	log/codeforces/2225/g/memo.md	log/codeforces/2225/g/main.cpp	https://codeforces.com/contest/2225/problem/G	【未証明パートあり】
codeforces/2245/a	codeforces	2245	a	A. Who Watches the Watchpig?	3			2026-07-17	log/codeforces/2245/a/memo.md	log/codeforces/2245/a/main.cpp	https://codeforces.com/contest/2245/problem/A	必要条件を考えます．はじめて $L$ であるような人が good であるため，左から $K$ 人は $R$ です．
codeforces/2245/b	codeforces	2245	b	B. Delete and Concatenate	4			2026-07-17	log/codeforces/2245/b/memo.md	log/codeforces/2245/b/main.cpp	https://codeforces.com/contest/2245/problem/B	まず，各要素から $c$ を引いてしまった上で操作コストは $0$ としてよいです．
codeforces/2245/c	codeforces	2245	c	C. MEXOR	4	構築		2026-07-17	log/codeforces/2245/c/memo.md	log/codeforces/2245/c/main.cpp	https://codeforces.com/contest/2245/problem/C	実験すると十分条件が予測できて，その必要性も簡単です．
codeforces/2245/d2	codeforces	2245	d2	D2. Construct an Array (Hard Version)	7	構築,potential,頂点倍加	graph/base.hpp,graph/strongly_connected_component.hpp	2026-07-17	log/codeforces/2245/d2/memo.md	log/codeforces/2245/d2/main.cpp	https://codeforces.com/contest/2245/problem/D2	いや難しいが．
codeforces/2245/e	codeforces	2245	e	E. Tom and Jerry	7	ゲーム	graph/base.hpp	2026-07-17	log/codeforces/2245/e/memo.md	log/codeforces/2245/e/main.cpp	https://codeforces.com/contest/2245/problem/E	最初の手番以降では，好きな根付き木を選んでプレイということになります．
codeforces/2245/f	codeforces	2245	f	F. Familiar?	7	区間dp,Cartesian_Tree	mod/modint.hpp	2026-07-17	log/codeforces/2245/f/memo.md	log/codeforces/2245/f/main.cpp	https://codeforces.com/contest/2245/problem/F	かなり気づかなかった．
codeforces/2245/g	codeforces	2245	g	G. NPC Challenge	7	インタラクティブ	other/io2.hpp,random/base.hpp,random/random_graph.hpp	2026-07-17	log/codeforces/2245/g/memo.md	log/codeforces/2245/g/main.cpp	https://codeforces.com/contest/2245/problem/G	**クエリコストの評価が不明！！**
codeforces/2246/a	codeforces	2246	a	A. farmpiggie and Subset Sum	2	構築		2026-07-13	log/codeforces/2246/a/memo.md	log/codeforces/2246/a/main.cpp	https://codeforces.com/contest/2246/problem/A	$S_i$ が偶数からなるように調整すればよいです．
codeforces/2246/b	codeforces	2246	b	B. ezraft and Array	3	構築,帰納的構成		2026-07-13	log/codeforces/2246/b/memo.md	log/codeforces/2246/b/main.cpp	https://codeforces.com/contest/2246/problem/B	総和を $S$ として， $b_i=S/a_i$ とすると， $\sum 1/b_i=1$ です．
codeforces/2246/c	codeforces	2246	c	C. 0mar and Alternating Sums	4		mod/modint.hpp,ds/segtree/segtree.hpp,alg/monoid/mul.hpp	2026-07-13	log/codeforces/2246/c/memo.md	log/codeforces/2246/c/main.cpp	https://codeforces.com/contest/2246/problem/C	結構ややこしや．
codeforces/2246/d	codeforces	2246	d	D. diss_quack and Array Game	4			2026-07-13	log/codeforces/2246/d/memo.md	log/codeforces/2246/d/main.cpp	https://codeforces.com/contest/2246/problem/D	- Alice が全体 $/2$ を選択できる回数：lowbit の min.
codeforces/2246/e	codeforces	2246	e	E. lce4113 and Security Game	4	インタラクティブ	other/io2.hpp,random/base.hpp	2026-07-13	log/codeforces/2246/e/memo.md	log/codeforces/2246/e/main.cpp	https://codeforces.com/contest/2246/problem/E	まず adaptive な以上，bit 同士の区別はなくて， $x$ は popcnt 分の情報しかありません．
codeforces/2246/f	codeforces	2246	f	F. Whoname and Unsorted Array	5	構築,ソート手順構築	seq/inversion.hpp,random/base.hpp	2026-07-13	log/codeforces/2246/f/memo.md	log/codeforces/2246/f/main.cpp	https://codeforces.com/contest/2246/problem/F	厳密には未証明だがまあ大丈夫だろうという解法です．
codeforces/2247/a	codeforces	2247	a	A. Zero Sum	2	parity,不変量		2026-07-19	log/codeforces/2247/a/memo.md	log/codeforces/2247/a/main.cpp	https://codeforces.com/contest/2247/problem/A	$1,-1$ の個数の parity が不変量になります．
codeforces/2247/b	codeforces	2247	b	B. Yet Another Constructive	3	構築		2026-07-19	log/codeforces/2247/b/memo.md	log/codeforces/2247/b/main.cpp	https://codeforces.com/contest/2247/problem/B	累累積和が $0,1,\ldots,K-1$ を周期的に並べたものになるようにすればよいです．
codeforces/2247/c	codeforces	2247	c	C. Inversion of a Subsequence	3			2026-07-19	log/codeforces/2247/c/memo.md	log/codeforces/2247/c/main.cpp	https://codeforces.com/contest/2247/problem/C	入力は， $(0,0),(0,1),(1,0),(1,1)$ の個数に圧縮できます．
codeforces/2247/d2	codeforces	2247	d2	D2. XOR Sorting (Hard Version)	4		ds/segtree/segtree.hpp	2026-07-19	log/codeforces/2247/d2/memo.md	log/codeforces/2247/d2/main.cpp	https://codeforces.com/contest/2247/problem/D2	雑な log^2 が TLE，確かに制約が大きめ．
codeforces/2247/e	codeforces	2247	e	E. Build a Tree	4	構築,木の構築,順列の構築	enumerate/labeled_tree.hpp,graph/tree.hpp	2026-07-19	log/codeforces/2247/e/memo.md	log/codeforces/2247/e/main.cpp	https://codeforces.com/contest/2247/problem/E	パスグラフだけで作れます．
codeforces/2247/f	codeforces	2247	f	F. Paths on a Grid	5	dominator_tree,ハッシュ	graph/dominator_tree.hpp,mod/modint.hpp,ds/unionfind/unionfind.hpp,graph/tree.hpp	2026-07-19	log/codeforces/2247/f/memo.md	log/codeforces/2247/f/main.cpp	https://codeforces.com/contest/2247/problem/F	「 $A$ を通るならば $B$ も通る，逆も然り」という関係のときに同値．
repovive/14/a	repovive	14	a	14A. Odd Sum Game	1			2026-06-30	log/repovive/14/a/memo.md	log/repovive/14/a/main.cpp	https://repovive.com/contests/14/problems/A	$k < n$ なら Yes です．小さい方 $k$ 個とって，ダメなら最大値をひとつずらすとできます．
repovive/14/b	repovive	14	b	14B. Queue Fronts	3	連長圧縮,貪欲	string/run_length.hpp	2026-06-30	log/repovive/14/b/memo.md	log/repovive/14/b/main.cpp	https://repovive.com/contests/14/problems/B	結局，全部結合しちゃったあとで $M$ 個に切り分けるという形です．
repovive/14/c	repovive	14	c	14C. Range Reversal	4	区間反転		2026-06-30	log/repovive/14/c/memo.md	log/repovive/14/c/main.cpp	https://repovive.com/contests/14/problems/C	区間内で，00, 11 の個数を数えて $a$, $b$ とします．
repovive/14/d	repovive	14	d	14D. Sleeping Journey	4	BFS	nt/rational.hpp,mod/modint.hpp,graph/shortest_path/bfs01.hpp	2026-06-30	log/repovive/14/d/memo.md	log/repovive/14/d/main.cpp	https://repovive.com/contests/14/problems/D	まず各点からの距離を求めておきます．各頂点にはこの値が書かれていると思って，グラフ構造は忘れてよいです．
repovive/14/e	repovive	14	e	14E. Palindromic Not	5	最短路問題,最短路復元,実験,帰納的構成	ds/unionfind/unionfind.hpp,graph/shortest_path/bfs01.hpp,graph/shortest_path/restore_path.hpp	2026-06-30	log/repovive/14/e/memo.md	log/repovive/14/e/main.cpp	https://repovive.com/contests/14/problems/E	実験します（ $2^N$ 頂点の無向グラフを作って連結性や最短距離の計算）．
repovive/14/f	repovive	14	f	14F. Connected Interval Prefixes	7	区間dp,区間を置いていくdp	mod/modint.hpp	2026-06-30	log/repovive/14/f/memo.md	log/repovive/14/f/main.cpp	https://repovive.com/contests/14/problems/F	valid な permutation について，和集合区間が増大するところに注目します．
repovive/15/a	repovive	15	a	15A. Different Parity	1			2026-07-06	log/repovive/15/a/memo.md	log/repovive/15/a/main.cpp	https://repovive.com/contests/15/problems/A	単に $2$ 個あれば偶数奇数が両方あります．
repovive/15/b	repovive	15	b	15B. Balanced Trio	1			2026-07-06	log/repovive/15/b/memo.md	log/repovive/15/b/main.cpp	https://repovive.com/contests/15/problems/B	合計 $(a+b+c)/2$ 個とると思ってインデックス順に取れる量を貪欲にとっていきます．
repovive/15/c	repovive	15	c	15C. Corner Meeting	2			2026-07-06	log/repovive/15/c/memo.md	log/repovive/15/c/main.cpp	https://repovive.com/contests/15/problems/C	両座標を減らせる操作と片方座標を減らせる操作があります．二分探索で判定しました．
repovive/15/d	repovive	15	d	15D. Distant Transfers	3	exchange_argument		2026-07-06	log/repovive/15/d/memo.md	log/repovive/15/d/main.cpp	https://repovive.com/contests/15/problems/D	$l$ にある余分と $r$ にある不足をマッチングすると考えます．
repovive/15/e	repovive	15	e	15E. Synchronized Inversions	3	転倒数	seq/inversion.hpp	2026-07-06	log/repovive/15/e/memo.md	log/repovive/15/e/main.cpp	https://repovive.com/contests/15/problems/E	隣接スワップで $-2,0,2$ だけ増減するため，max, min の間を同 parity で全部作れることになります．
repovive/15/f	repovive	15	f	15F. Magnetic Path	4		mod/modint.hpp,graph/tree.hpp	2026-07-06	log/repovive/15/f/memo.md	log/repovive/15/f/main.cpp	https://repovive.com/contests/15/problems/F	だいたい距離 $2$ ずつ近づくようにしますが， $N$ が奇数のときには $1$ 回だけどちらかを停止して進めます．
repovive/15/g	repovive	15	g	15G. Complementary Path	6	ハミルトンパス構築	graph/blackbox/complement_graph_bfs.hpp,graph/base.hpp,ds/splaytree/splaytree_basic.hpp	2026-07-06	log/repovive/15/g/memo.md	log/repovive/15/g/main.cpp	https://repovive.com/contests/15/problems/G	三角形のないグラフの補グラフにおけるハミルトンパスの構築問題．
yukicoder/3547	yukicoder		3547	No.3547 Rurumaru Function Problem	1			2026-07-14	log/yukicoder/3547/memo.md	log/yukicoder/3547/main.cpp	https://yukicoder.me/problems/no/3547	桁ごとに考えます．
yukicoder/3548	yukicoder		3548	No.3548 SigMax Digits (Construction ver.)	2	構築		2026-07-14	log/yukicoder/3548/memo.md	log/yukicoder/3548/main.cpp	https://yukicoder.me/problems/no/3548	なるべく $9+9+9+\cdots$ のような形になるように考えます．
yukicoder/3549	yukicoder		3549	No.3549 SigMax Digits (Judge ver.)	3	桁dp	ds/hashmap.hpp	2026-07-14	log/yukicoder/3549/memo.md	log/yukicoder/3549/main.cpp	https://yukicoder.me/problems/no/3549	桁最大値ごとの数え上げを桁dpで求めます．
yukicoder/3550	yukicoder		3550	No.3550 Another Rurumaru Function Problem	4			2026-07-14	log/yukicoder/3550/memo.md	log/yukicoder/3550/main.cpp	https://yukicoder.me/problems/no/3550	答えを上位桁から順に決めていきます．
yukicoder/3551	yukicoder		3551	No.3551 Regions by Random Points 2	2		mod/modint.hpp	2026-07-14	log/yukicoder/3551/memo.md	log/yukicoder/3551/main.cpp	https://yukicoder.me/problems/no/3551	交点の個数から領域の個数が決まります．交点の個数は $2$ 直線が交わる確率から期待値が出ます．
yukicoder/3552	yukicoder		3552	No.3552 Triangular Coloring	4	点彩色	other/mex.hpp	2026-07-14	log/yukicoder/3552/memo.md	log/yukicoder/3552/main.cpp	https://yukicoder.me/problems/no/3552	最後に「追加」された点は次数 $3$ 以下です．結局グラフは次数 $3$ 以下の頂点を削除し続ければ $3$ 頂点以下にできます．
yukicoder/3553	yukicoder		3553	No.3553 Good Quartet	4			2026-07-14	log/yukicoder/3553/memo.md	log/yukicoder/3553/main.cpp	https://yukicoder.me/problems/no/3553	証明してはいないのですが，実験して信じました．どこかで見たこともあったかも．
yukicoder/3554	yukicoder		3554	No.3554 Rurumaru Function Problem 2	4		other/exp_search.hpp	2026-07-14	log/yukicoder/3554/memo.md	log/yukicoder/3554/main.cpp	https://yukicoder.me/problems/no/3554	結局 $101010$ のタイプの数になります．それはそうという感じですが，桁数の境界のところで変なことが起きないかのチェックのために実験しました．
yukicoder/3593	yukicoder		3593	No.3593 I Love Sudoku	8	線形代数,構築,群,数独	ds/unionfind/unionfind.hpp,random/shuffle.hpp,linalg/matrix_mul.hpp	2026-07-17	log/yukicoder/3593/memo.md	log/yukicoder/3593/main.cpp	https://yukicoder.me/problems/no/3593	$9$ 元群 $G$ を用意します．
